artwork_id,artwork_file,room_file,artwork_img_w,artwork_img_h,floor_img_w,floor_img_h,floor_correct_px_x,floor_correct_px_y,floor_correct_norm_x,floor_correct_norm_y,room_img_w,room_img_h,room_correct_px_x,room_correct_px_y,room_correct_norm_x,room_correct_norm_y,room_box_norm_x0,room_box_norm_y0,room_box_norm_x1,room_box_norm_y1,flagged
ART001,ART001.png,ART001.png,320,213,1559,1009,1185.17,485.97,0.76021,0.481635,1448,1086,762.46,915.15,0.52656,0.842676,0.474892,0.820122,0.578228,0.86523,0
ART002,ART002.png,ART002.png,213,320,1559,1009,1184.49,498.97,0.759776,0.49452,1448,1086,654.56,356.0,0.452041,0.327809,0.404619,0.057448,0.499463,0.59817,0
ART003,ART003.png,ART003.png,213,320,1559,1009,1179.9,452.0,0.756829,0.447965,1448,1086,879.61,364.19,0.607466,0.33535,0.543847,0.208539,0.671084,0.462161,0
ART004,ART004.png,ART004.png,320,213,1559,1009,950.5,525.96,0.609687,0.521264,1448,1086,1232.65,548.76,0.851279,0.505307,0.739981,0.393111,0.962576,0.617504,0
ART005,ART005.png,ART005.png,212,320,1559,1009,637.95,202.46,0.409202,0.200655,1491,1055,1372.14,702.15,0.920282,0.665542,0.872779,0.651817,0.967785,0.679268,0
ART006,ART006.png,ART006.png,215,320,1559,1009,609.56,215.36,0.390991,0.213438,1491,1055,1036.11,671.91,0.694911,0.636879,0.657877,0.621358,0.731945,0.6524,0
ART007,ART007.png,ART007.png,320,106,1559,1009,881.51,187.15,0.56543,0.185476,1448,1086,374.46,550.05,0.258603,0.506492,0.051084,0.394886,0.466121,0.618098,0
ART008,ART008.png,ART008.png,320,240,1559,1009,1085.5,259.69,0.696277,0.257376,1536,1024,410.09,623.88,0.266983,0.609261,0.238404,0.578802,0.295562,0.639719,0
ART009,ART009.png,ART009.png,320,240,1559,1009,1083.91,212.18,0.695262,0.210285,1536,1024,546.41,538.96,0.355733,0.526332,0.328397,0.475987,0.383069,0.576678,0
ART010,ART010.png,ART010.png,239,320,1559,1009,1034.5,112.19,0.663565,0.111187,1536,1024,1013.69,542.9,0.659953,0.530177,0.643039,0.489952,0.676867,0.570402,0
ART011,ART011.png,ART011.png,320,240,1559,1009,1127.49,115.19,0.723216,0.114158,1536,1024,1310.42,500.55,0.853136,0.488819,0.829906,0.447352,0.876365,0.530285,0
ART012,ART012.png,ART012.png,320,240,1559,1009,1083.91,283.14,0.695262,0.280611,1536,1024,254.7,506.49,0.165821,0.494616,0.145074,0.454824,0.186568,0.534408,0
ART013,ART013.png,ART013.png,320,240,1559,1009,980.51,135.8,0.628937,0.13459,1536,1024,737.23,518.31,0.479969,0.506159,0.45674,0.479351,0.503198,0.532966,0
ART014,ART014.png,ART014.png,213,320,1559,1009,515.58,430.97,0.330713,0.427124,1448,1086,918.02,565.49,0.633991,0.520713,0.615383,0.461923,0.6526,0.579503,0
ART015,ART015.png,ART015.png,213,320,1559,1009,640.19,430.97,0.410643,0.427124,1448,1086,933.63,291.96,0.644769,0.268836,0.607303,0.138367,0.682236,0.399305,0
ART016,ART016.png,ART016.png,213,320,1559,1009,1078.0,558.1,0.691468,0.553125,1448,1086,1264.4,372.43,0.873205,0.342934,0.824433,0.162532,0.921977,0.523335,0
ART017,ART017.png,ART017.png,214,320,1559,1009,1145.07,529.75,0.73449,0.525028,1448,1086,562.57,682.01,0.388514,0.628002,0.347445,0.618339,0.429582,0.637665,0
ART018,ART018.png,ART018.png,213,320,1559,1009,995.81,421.97,0.638749,0.418202,1448,1086,188.67,775.18,0.130295,0.713791,0.072281,0.680657,0.188308,0.746925,0
ART019,ART019.png,ART019.png,213,320,1559,1009,1117.55,519.04,0.71684,0.514412,1448,1086,392.84,752.25,0.271295,0.692679,0.246341,0.670152,0.296249,0.715206,0
ART020,ART020.png,ART020.png,320,240,1559,1009,755.34,422.13,0.4845,0.418364,1448,1086,394.26,363.47,0.272282,0.334688,0.24541,0.291346,0.299154,0.37803,0
ART021,ART021.png,ART021.png,320,213,1559,1009,738.79,460.64,0.473888,0.456528,1448,1086,1048.61,567.92,0.72418,0.522946,0.697309,0.495311,0.751052,0.55058,0
ART022,ART022.png,ART022.png,320,240,1559,1009,756.24,348.13,0.485083,0.345025,1448,1086,1010.02,397.36,0.69753,0.365894,0.670658,0.338259,0.724401,0.393529,0
ART023,ART023.png,ART023.png,240,320,1559,1009,749.54,267.45,0.480784,0.265064,1448,1086,404.93,620.58,0.279651,0.571434,0.253834,0.529928,0.305467,0.61294,0
ART024,ART024.png,ART024.png,320,213,1559,1009,752.3,464.01,0.482555,0.459868,1448,1086,494.49,579.0,0.341499,0.533149,0.312745,0.503237,0.370252,0.563061,0
ART025,ART025.png,ART025.png,320,240,1559,1009,743.59,428.12,0.476964,0.424298,1448,1086,1008.75,642.21,0.69665,0.591352,0.662109,0.55659,0.73119,0.626114,0
ART026,ART026.png,ART026.png,213,320,1559,1009,737.89,271.29,0.473311,0.268872,1448,1086,792.92,458.06,0.547594,0.421785,0.513053,0.387022,0.582135,0.456547,0
ART027,ART027.png,ART027.png,320,234,1559,1009,753.84,387.2,0.483541,0.383742,1448,1086,830.6,344.39,0.573616,0.317117,0.51615,0.266912,0.631082,0.367321,0
ART028,ART028.png,ART028.png,240,320,1559,1009,369.14,454.76,0.236782,0.450703,1493,1053,519.75,769.97,0.348121,0.731215,0.260839,0.707328,0.435404,0.755102,0
ART029,ART029.png,ART029.png,282,320,1559,1009,1443.55,259.36,0.925948,0.257044,1448,1086,941.61,538.56,0.650282,0.495908,0.61585,0.432155,0.684714,0.559661,0
ART030,ART030.png,ART030.png,282,320,1559,1009,1327.92,118.57,0.851775,0.117511,1448,1086,294.14,526.41,0.203136,0.484725,0.167112,0.405742,0.23916,0.563707,0
ART031,ART031.png,ART031.png,282,320,1559,1009,1282.37,348.96,0.822562,0.345848,1448,1086,1286.72,720.37,0.888616,0.663321,0.775458,0.62988,1.001773,0.696762,0
ART032,ART032.png,ART032.png,213,320,1559,1009,1440.37,199.16,0.923905,0.197381,1448,1086,746.65,527.97,0.515642,0.48616,0.483369,0.418085,0.547915,0.554235,0
ART033,ART033.png,ART033.png,277,320,1559,1009,967.4,648.24,0.620525,0.64246,1448,1086,993.29,521.73,0.685977,0.480415,0.62347,0.362143,0.748484,0.598686,0
ART034,ART034.png,ART034.png,301,320,1559,1009,390.0,225.56,0.250159,0.223546,1535,1024,764.63,479.65,0.498132,0.468405,0.430146,0.364099,0.566118,0.572711,0
ART035,ART035.png,ART035.png,213,320,1559,1009,307.74,227.09,0.197393,0.225061,1535,1024,439.72,569.64,0.286465,0.556292,0.272231,0.549698,0.300699,0.562887,0
ART036,ART036.png,ART036.png,213,320,1559,1009,442.67,224.05,0.283943,0.222054,1535,1024,1025.95,567.97,0.668369,0.554653,0.656542,0.549174,0.680197,0.560133,0
ART037,ART037.png,ART037.png,240,320,1559,1009,369.03,283.91,0.236707,0.281377,1535,1024,530.31,569.11,0.345477,0.555767,0.33365,0.550288,0.357305,0.561247,0
ART038,ART038.png,ART038.png,213,320,1559,1009,310.65,231.53,0.199265,0.229465,1535,1024,311.02,571.76,0.202618,0.558355,0.181891,0.548752,0.223344,0.567958,0
ART039,ART039.png,ART039.png,189,320,1559,1009,470.18,229.01,0.301592,0.226972,1535,1024,1118.83,569.24,0.728882,0.555902,0.717054,0.550423,0.74071,0.561382,0
ART040,ART040.png,ART040.png,200,320,1559,1009,972.52,289.61,0.623808,0.287029,1448,1086,132.27,536.49,0.091344,0.494004,0.038997,0.391168,0.143692,0.59684,0
ART041,ART041.png,ART041.png,208,320,1559,1009,969.34,247.33,0.621772,0.245124,1448,1086,310.44,536.56,0.214393,0.49407,0.1724,0.402151,0.256387,0.585989,0
ART042,ART042.png,ART042.png,320,213,1559,1009,495.02,459.53,0.317521,0.455433,1448,1086,666.37,514.44,0.460201,0.473702,0.444217,0.452252,0.476186,0.495153,0
ART043,ART043.png,ART043.png,320,227,1559,1009,494.03,482.47,0.316887,0.47817,1448,1086,1213.73,511.77,0.838215,0.471241,0.819755,0.446469,0.856674,0.496013,0
ART044,ART044.png,ART044.png,320,213,1559,1009,473.21,525.68,0.303535,0.52099,1448,1086,417.39,760.42,0.288254,0.700198,0.266747,0.690509,0.309762,0.709887,0
ART045,ART045.png,ART045.png,320,213,1559,1009,495.82,460.08,0.318039,0.455977,1448,1086,1302.65,508.6,0.89962,0.468323,0.880536,0.444436,0.918703,0.49221,0
ART046,ART046.png,ART046.png,214,320,1559,1009,291.69,525.56,0.187102,0.520871,1493,1053,134.05,460.25,0.089786,0.437089,0.07184,0.413202,0.107732,0.460976,0
ART047,ART047.png,ART047.png,320,156,1559,1009,858.44,550.81,0.550634,0.5459,1448,1086,216.94,556.45,0.149819,0.512386,0.034548,0.440233,0.26509,0.584538,0
ART048,ART048.png,ART048.png,320,162,1559,1009,728.92,554.13,0.467556,0.549188,1448,1086,615.12,560.95,0.424809,0.516525,0.344754,0.458071,0.504863,0.57498,0
